<?xml version="1.0" encoding="utf-8"?>
<!--/17273566/1532870/2.50/4/4/LED/-->
<quadcept_library>
  <setting unit="mil" />
  <textstyle name="Default" height="47.244094488189" strokewidth="7.8740157480315" charwidth="47.244094488189" />
  <textstyle name="Dimension" height="19.6850393700787" strokewidth="0" charwidth="19.6850393700787" />
  <textstyle name="H127W0635TH00762" height="50" strokewidth="3" charwidth="25" />
  <textstyle name="H15W15TH02" height="59.0551181102362" strokewidth="7.8740157480315" charwidth="59.0551181102362" />
  <padstyle name="r280_70" surface="True" plated="False" isvia="False" nopaste="False" nomask="True" complex="False" holesize="0">
    <padshape layer="TOP" shape="rectangle" width="27.55905511811" height="110.23622047244" />
    <padshape layer="TOP_SOLDER_MASK" shape="rectangle" width="35.433070866141" height="118.11023622047" />
    <padshape layer="TOP_SOLDER_PASTE" shape="rectangle" width="27.55905511811" height="110.23622047244" />
  </padstyle>
  <padstyle name="r350_55" surface="True" plated="False" isvia="False" nopaste="False" nomask="True" complex="False" holesize="0">
    <padshape layer="TOP" shape="rectangle" width="21.653543307086" height="137.79527559055" />
    <padshape layer="TOP_SOLDER_MASK" shape="rectangle" width="29.527559055118" height="145.66929133858" />
    <padshape layer="TOP_SOLDER_PASTE" shape="rectangle" width="21.653543307086" height="137.79527559055" />
  </padstyle>
  <footprint name="SPMWHD32AMH0XAR0PR" originx="0" originy="0" pickpointx="0" pickpointy="0">
    <pcbpin number="1" name="1" style="r280_70" originx="0" originy="19.685039370078" rotation="90" />
    <pcbpin number="2" name="2" style="r280_70" originx="0" originy="-19.685039370078" rotation="90" />
    <pcbpin number="3" name="3" style="r350_55" originx="0" originy="44.291338582677" rotation="90" />
    <pcbpin number="4" name="4" style="r350_55" originx="0" originy="-44.291338582677" rotation="90" />
    <line layer="TOP_ASSEMBLY" originx="-59.055118110235" originy="59.055118110235" endx="59.055118110235" endy="59.055118110235" width="3.9370078740157" />
    <line layer="TOP_ASSEMBLY" originx="59.055118110235" originy="59.055118110235" endx="59.055118110235" endy="-59.055118110235" width="3.9370078740157" />
    <line layer="TOP_ASSEMBLY" originx="59.055118110235" originy="-59.055118110235" endx="-59.055118110235" endy="-59.055118110235" width="3.9370078740157" />
    <line layer="TOP_ASSEMBLY" originx="-59.055118110235" originy="-59.055118110235" endx="-59.055118110235" endy="59.055118110235" width="3.9370078740157" />
    <line layer="TOP_PLACE_BOUND" originx="-100.3937007874" originy="90.551181102361" endx="100.3937007874" endy="90.551181102361" width="3.9370078740157" />
    <line layer="TOP_PLACE_BOUND" originx="100.3937007874" originy="90.551181102361" endx="100.3937007874" endy="-90.551181102361" width="3.9370078740157" />
    <line layer="TOP_PLACE_BOUND" originx="100.3937007874" originy="-90.551181102361" endx="-100.3937007874" endy="-90.551181102361" width="3.9370078740157" />
    <line layer="TOP_PLACE_BOUND" originx="-100.3937007874" originy="-90.551181102361" endx="-100.3937007874" endy="90.551181102361" width="3.9370078740157" />
    <line layer="TOP_SILKSCREEN" originx="0" originy="70.866141732283" endx="0" endy="70.866141732283" width="3.9370078740157" />
    <arc layer="TOP_SILKSCREEN" originx="-2.7318479936642E-15" originy="72.83464566929" startangle="-90.0" sweepangle="180.0" radius="1.9685039370078" width="3.9370078740157" />
    <line layer="TOP_SILKSCREEN" originx="0" originy="74.803149606298" endx="0" endy="74.803149606298" width="3.9370078740157" />
    <arc layer="TOP_SILKSCREEN" originx="-2.7318479936642E-15" originy="72.83464566929" startangle="90.0" sweepangle="180.0" radius="1.9685039370078" width="3.9370078740157" />
  </footprint>
  <symbol name="SPMWHD32AMH0XAR0PR" originx="0" originy="0">
    <line originx="200" originy="100" endx="700" endy="100" width="0" />
    <line originx="700" originy="-400" endx="700" endy="100" width="0" />
    <line originx="700" originy="-400" endx="200" endy="-400" width="0" />
    <line originx="200" originy="100" endx="200" endy="-400" width="0" />
    <sympin number="1" originx="200" originy="-100" rotation="180" length="100" width="7.8740157480315" flipped="False">
      <text name="pinname" originx="230" originy="-100" style="Default" rotation="0" justify="left" flipped="False" hidden="False" data="K_1" />
      <text name="pindes" originx="140" originy="-80" style="Default" rotation="0" justify="lowerright" flipped="False" hidden="False" data="1" />
    </sympin>
    <sympin number="2" originx="200" originy="-200" rotation="180" length="100" width="7.8740157480315" flipped="False">
      <text name="pinname" originx="230" originy="-200" style="Default" rotation="0" justify="left" flipped="False" hidden="False" data="A_1" />
      <text name="pindes" originx="140" originy="-180" style="Default" rotation="0" justify="lowerright" flipped="False" hidden="False" data="2" />
    </sympin>
    <sympin number="3" originx="200" originy="0" rotation="180" length="100" width="7.8740157480315" flipped="False">
      <text name="pinname" originx="230" originy="0" style="Default" rotation="0" justify="left" flipped="False" hidden="False" data="K_2" />
      <text name="pindes" originx="140" originy="20" style="Default" rotation="0" justify="lowerright" flipped="False" hidden="False" data="3" />
    </sympin>
    <sympin number="4" originx="200" originy="-300" rotation="180" length="100" width="7.8740157480315" flipped="False">
      <text name="pinname" originx="230" originy="-300" style="Default" rotation="0" justify="left" flipped="False" hidden="False" data="A_2" />
      <text name="pindes" originx="140" originy="-280" style="Default" rotation="0" justify="lowerright" flipped="False" hidden="False" data="4" />
    </sympin>
  </symbol>
  <component name="SPMWHD32AMH0XAR0PR" designatorprefix="LED" height="31.496062992126" footprint="SPMWHD32AMH0XAR0PR">
    <comppin designator="1" sympin="1" pinswap="0" gateswap="0" gate="1" group="1" side="" type="Any" name="K_1" />
    <comppin designator="2" sympin="2" pinswap="0" gateswap="0" gate="1" group="1" side="" type="Any" name="A_1" />
    <comppin designator="3" sympin="3" pinswap="0" gateswap="0" gate="1" group="1" side="" type="Any" name="K_2" />
    <comppin designator="4" sympin="4" pinswap="0" gateswap="0" gate="1" group="1" side="" type="Any" name="A_2" />
    <attached_symbol gate="1" name="SPMWHD32AMH0XAR0PR" />
    <pinmap designator="1" footprintpin="1" />
    <pinmap designator="2" footprintpin="2" />
    <pinmap designator="3" footprintpin="3" />
    <pinmap designator="4" footprintpin="4" />
    <text name="Datasheet" originx="0" originy="0" style="Default" rotation="0" justify="" flipped="False" hidden="True" data="https://download.led.samsung.com/led/file/resource/2022/05/Data_Sheet_LM301H_EVO_Rev.2.1.pdf" />
    <text name="Description" originx="0" originy="0" style="Default" rotation="0" justify="" flipped="False" hidden="True" data="High Power LED" />
    <text name="Manufacturer_Name" originx="0" originy="0" style="Default" rotation="0" justify="" flipped="False" hidden="True" data="SAMSUNG" />
    <text name="Manufacturer_Part_Number" originx="750" originy="200" style="Default" rotation="0" justify="left" flipped="False" hidden="False" data="SPMWHD32AMH0XAR0PR" />
    <text name="Mouser Part Number" originx="0" originy="0" style="Default" rotation="0" justify="" flipped="False" hidden="True" data="" />
    <text name="Mouser Price/Stock" originx="0" originy="0" style="Default" rotation="0" justify="" flipped="False" hidden="True" data="" />
    <text name="Arrow Part Number" originx="0" originy="0" style="Default" rotation="0" justify="" flipped="False" hidden="True" data="SPMWHD32AMH0XAR0PR" />
    <text name="Arrow Price/Stock" originx="0" originy="0" style="Default" rotation="0" justify="" flipped="False" hidden="True" data="https://www.arrow.com/en/products/spmwhd32amh0xar0pr/samsung-electronics?region=nac" />
  </component>
</quadcept_library>
