<?xml version="1.0" encoding="utf-8"?>
<!--/15322449/1532870/2.50/2/3/Inductor/-->
<quadcept_library>
  <setting unit="mil" />
  <textstyle name="Default" height="47.244094488189" strokewidth="7.8740157480315" charwidth="47.244094488189" />
  <textstyle name="Dimension" height="19.6850393700787" strokewidth="0" charwidth="19.6850393700787" />
  <textstyle name="H127W0635TH00762" height="50" strokewidth="3" charwidth="25" />
  <textstyle name="H15W15TH02" height="59.0551181102362" strokewidth="7.8740157480315" charwidth="59.0551181102362" />
  <padstyle name="r350_285" surface="True" plated="False" isvia="False" nopaste="False" nomask="True" complex="False" holesize="0">
    <padshape layer="TOP" shape="rectangle" width="112.20472440945" height="137.79527559055" />
    <padshape layer="TOP_SOLDER_MASK" shape="rectangle" width="120.07874015748" height="145.66929133858" />
    <padshape layer="TOP_SOLDER_PASTE" shape="rectangle" width="112.20472440945" height="137.79527559055" />
  </padstyle>
  <footprint name="7843332000" originx="0" originy="0" pickpointx="0" pickpointy="0">
    <pcbpin number="1" name="1" style="r350_285" originx="-179.13385826771" originy="0" rotation="0" />
    <pcbpin number="2" name="2" style="r350_285" originx="179.13385826771" originy="0" rotation="0" />
    <line layer="TOP_ASSEMBLY" originx="-208.66141732283" originy="-208.66141732283" endx="208.66141732283" endy="-208.66141732283" width="3.9370078740157" />
    <line layer="TOP_ASSEMBLY" originx="208.66141732283" originy="-208.66141732283" endx="208.66141732283" endy="208.66141732283" width="3.9370078740157" />
    <line layer="TOP_ASSEMBLY" originx="208.66141732283" originy="208.66141732283" endx="-208.66141732283" endy="208.66141732283" width="3.9370078740157" />
    <line layer="TOP_ASSEMBLY" originx="-208.66141732283" originy="208.66141732283" endx="-208.66141732283" endy="-208.66141732283" width="3.9370078740157" />
    <line layer="TOP_PLACE_BOUND" originx="-274.6062992126" originy="248.03149606299" endx="274.6062992126" endy="248.03149606299" width="3.9370078740157" />
    <line layer="TOP_PLACE_BOUND" originx="274.6062992126" originy="248.03149606299" endx="274.6062992126" endy="-248.03149606299" width="3.9370078740157" />
    <line layer="TOP_PLACE_BOUND" originx="274.6062992126" originy="-248.03149606299" endx="-274.6062992126" endy="-248.03149606299" width="3.9370078740157" />
    <line layer="TOP_PLACE_BOUND" originx="-274.6062992126" originy="-248.03149606299" endx="-274.6062992126" endy="248.03149606299" width="3.9370078740157" />
    <line layer="TOP_SILKSCREEN" originx="208.66141732283" originy="78.740157480314" endx="208.66141732283" endy="208.66141732283" width="7.8740157480314" />
    <line layer="TOP_SILKSCREEN" originx="208.66141732283" originy="208.66141732283" endx="-208.66141732283" endy="208.66141732283" width="7.8740157480314" />
    <line layer="TOP_SILKSCREEN" originx="-208.66141732283" originy="208.66141732283" endx="-208.66141732283" endy="78.740157480314" width="7.8740157480314" />
    <line layer="TOP_SILKSCREEN" originx="-208.66141732283" originy="-78.740157480314" endx="-208.66141732283" endy="-208.66141732283" width="7.8740157480314" />
    <line layer="TOP_SILKSCREEN" originx="-208.66141732283" originy="-208.66141732283" endx="208.66141732283" endy="-208.66141732283" width="7.8740157480314" />
    <line layer="TOP_SILKSCREEN" originx="208.66141732283" originy="-208.66141732283" endx="208.66141732283" endy="-78.740157480314" width="7.8740157480314" />
    <line layer="TOP_SILKSCREEN" originx="-255.90551181102" originy="0" endx="-255.90551181102" endy="0" width="3.9370078740157" />
    <arc layer="TOP_SILKSCREEN" originx="-253.93700787401" originy="0" startangle="-180.0" sweepangle="180.0" radius="1.9685039370079" width="3.9370078740157" />
    <line layer="TOP_SILKSCREEN" originx="-251.968503937" originy="0" endx="-251.968503937" endy="0" width="3.9370078740157" />
    <arc layer="TOP_SILKSCREEN" originx="-253.93700787401" originy="0" startangle=".0" sweepangle="180.0" radius="1.9685039370079" width="3.9370078740157" />
  </footprint>
  <symbol name="7843332000" originx="0" originy="0">
    <arc originx="250" originy="-2" startangle="177.7" sweepangle="-175.4" radius="50" width="0" />
    <arc originx="350" originy="-2" startangle="177.7" sweepangle="-175.4" radius="50" width="0" />
    <arc originx="450" originy="-2" startangle="177.7" sweepangle="-175.4" radius="50" width="0" />
    <arc originx="550" originy="-2" startangle="177.7" sweepangle="-175.4" radius="50" width="0" />
    <sympin number="1" originx="200" originy="0" rotation="180" length="100" width="7.8740157480315" flipped="False">
      <text name="pinname" originx="0" originy="-10" style="Default" rotation="0" justify="upperleft" flipped="False" hidden="True" data="1" />
      <text name="pindes" originx="0" originy="10" style="Default" rotation="0" justify="lowerleft" flipped="False" hidden="False" data="1" />
    </sympin>
    <sympin number="2" originx="600" originy="0" rotation="0" length="100" width="7.8740157480315" flipped="False">
      <text name="pinname" originx="800" originy="-10" style="Default" rotation="0" justify="upperright" flipped="False" hidden="True" data="2" />
      <text name="pindes" originx="800" originy="10" style="Default" rotation="0" justify="lowerright" flipped="False" hidden="False" data="2" />
    </sympin>
  </symbol>
  <component name="7843332000" designatorprefix="L" height="444.88188976377" footprint="7843332000">
    <comppin designator="1" sympin="1" pinswap="0" gateswap="0" gate="1" group="1" side="" type="Any" name="1" />
    <comppin designator="2" sympin="2" pinswap="0" gateswap="0" gate="1" group="1" side="" type="Any" name="2" />
    <attached_symbol gate="1" name="7843332000" />
    <pinmap designator="1" footprintpin="1" />
    <pinmap designator="2" footprintpin="2" />
    <text name="Datasheet" originx="0" originy="0" style="Default" rotation="0" justify="" flipped="False" hidden="True" data="https://www.we-online.com/katalog/datasheet/7843332000.pdf" />
    <text name="Description" originx="0" originy="0" style="Default" rotation="0" justify="" flipped="False" hidden="True" data="Fixed Inductors WE-CHSA 20uH 4.3A 60.90mOhms" />
    <text name="Manufacturer_Name" originx="0" originy="0" style="Default" rotation="0" justify="" flipped="False" hidden="True" data="Wurth Elektronik" />
    <text name="Manufacturer_Part_Number" originx="650" originy="150" style="Default" rotation="0" justify="left" flipped="False" hidden="False" data="7843332000" />
    <text name="Arrow Part Number" originx="0" originy="0" style="Default" rotation="0" justify="" flipped="False" hidden="True" data="" />
    <text name="Arrow Price/Stock" originx="0" originy="0" style="Default" rotation="0" justify="" flipped="False" hidden="True" data="" />
  </component>
</quadcept_library>
